google,google,https://www.gsslgle.com/
google,百度云,http://so.baiduyun.me/
google,代理,http://tkdaili.com/
google,mirror,http://www.mirrorservice.org/
google,语言,http://design.1sters.com/
mvn,mvn-repo1,http://repository.sonatype.org/index.html
mvn,mvn-repo2,http://www.mvnbrowser.com/
mvn,mvn-repo3,http://www.mvnrepository.com/
pdf,flyingSaucer,https://github.com/flyingsaucerproject/flyingsaucer
pdf,flyingsaucer,https://code.google.com/p/flying-saucer/
php,thinkphp,http://www.thinkphp.cn/info/155.html
php,thinkphp_doc,http://www.thinkphp.cn/
php,php之道,http://wulijun.github.io/php-the-right-way/
php,标签库,http://doc.thinkphp.cn/manual/volist.html
php,php扩展,http://windows.php.net/downloads/pecl/releases/
php,php.net,http://php.net/
hadoop,hadoop集群,http://www.cnblogs.com/xia520pi/archive/2012/05/16/2504205.html
hadoop,ssh问题,https://cygwin.com/cygwin-ug-net/ntsec.html#ntsec-setuid
证书,资格证书,http://www.rkb.gov.cn/jsj/cms/ksjs/zgjj/
证书,报名,http://218.249.204.167/websign_11/Default.aspx
证书,等级考试,http://sk.neea.edu.cn/jsjdj/show_sort_3.jsp?class_id=26_14_01
汽车票,汽车票,http://www.e2go.com.cn/
汽车票,恐怖,http://a.444kblt.com/
中国程序开发网站,open-open,http://www.open-open.com/
struts,modelDriven接口,http://blog.csdn.net/li_tengfei/article/details/6098145
spring,spring之ioc,http://sishuok.com/forum/blogPost/list/2428.html
spring,springside-new,https://github.com/springside/springside4/wiki/QuickStart
教程,IBM tutorial,http://www.ibm.com/developerworks/aix/library/au-threadingpython/
教程,objective-c,http://blog.csdn.net/ldl22847/article/details/7482971
教程,bootstrap,http://www.w3cschool.cc/bootstrap/bootstrap-forms.html
待看,pythonReader,http://www.oschina.net/translate/python-parallelism-in-one-line
c语言,c语言,http://blog.csdn.net/yxnk/article/details/5976699
c语言,The GNU C Library,http://www.gnu.org/software/libc/manual/html_node/index.html?cp=3_0
css,css_framework,http://api.jqueryui.com/theming/css-framework/
css,menu,http://api.jqueryui.com/menu/
css,bootstrap中文,http://www.bootcss.com/
css,bootstrap官方文档,http://v3.bootcss.com/getting-started/
JqueryUI,jqueryUI,http://jqueryui.com/
JqueryUI,jqeury插件,http://www.iteye.com/topic/545971
JqueryUI,canvas,http://www.jb51.net/html5/96843.html
netty,netty,http://blog.csdn.net/kobejayandy/article/details/11493717
netty,nio,http://tieba.baidu.com/p/2177598200
netty,信步,http://blog.csdn.net/kobejayandy/article/details/8460152
netty,doc,http://netty.io/
MINE,myPage,https://makeyoufellgood.appspot.com/
linux,bash,http://blog.csdn.net/zouyongjin/article/details/6644459
linux,cp,http://www.cnblogs.com/xd502djj/archive/2011/11/25/2263562.html
linux,cygwin_apt_cgy,https://code.google.com/p/apt-cyg/
java,java,http://www.docjar.com/docs/api/sun/awt/shell/package-index.html
java,javadoc,http://grepcode.com/file/repository.grepcode.com/java/root/jdk/openjdk/6-b14/sun/security/action/GetPropertyAction.java
java,JTreeEg,http://www.blogjava.net/wangxinsh55/archive/2006/04/04/39219.html
java,maven起步,http://spring.io/guides/gs/maven/
java,参悟javascript,http://www.kankanews.com/ICkengine/archives/10561.shtml
java,jsoup,http://www.ibm.com/developerworks/cn/java/j-lo-jsouphtml/
java,bower依赖管理,http://blog.fens.me/nodejs-bower-intro/
java,bootstrap,http://www.w3cschool.cc/bootstrap/bootstrap-glyphicons.html
GAE,doc,https://developers.google.com/appengine/docs/python/urlfetch/asynchronousrequests?hl=zh-CN
GAE,appMana,https://appengine.google.com/
GAE,docc,https://developers.google.com/appengine/docs/
GAE,webapp2,http://webapp-improved.appspot.com/api/webapp2.html
GAE,djangoDbApi,https://docs.djangoproject.com/en/dev/ref/models/instances/
GAE,tx,https://developers.google.com/appengine/docs/python/datastore/transactions
GAE,dbquery,https://developers.google.com/appengine/docs/python/datastore/queries#Introduction_to_Indexes
GAE,ndb,https://developers.google.com/appengine/docs/python/ndb/entities?hl=en
社科(English),社科网站(English),http://slashdot.org/
Django,文档,https://docs.djangoproject.com/en/1.6/
Django,django,https://www.djangoproject.com/
Django,book,http://djangobook.py3k.cn/2.0/
python,python2,http://www.baidu.com/link?url=uykP2pQZ_VT48fn_ul_284Zdf2nZ2-4lieqNBJhTBIj3uvv5wSfw5MJrIhTSPUbuKW3mOVM0whHWE2pMXXadZK
python,python3,http://woodpecker.org.cn/diveintopython3/
python,wxpythonDoc,http://www.wxpython.org/docs/api/
python,py,http://www.czug.org/python/wxpythoninaction/
python,wxpythonstart,http://wiki.wxpython.org/Getting%20Started
python,python在线教程,http://www.pythondoc.com/
python,repo,http://www.mfunz.com/tag/repo/
python,gae,https://developers.google.com/appengine/docs/python/overview?hl=zh-CN
安卓开发,安卓sdk,http://developer.android.com/sdk/index.html
安卓开发,opengl es,http://www.cnblogs.com/sunnychuh/archive/2011/07/20/2112110.html
安卓开发,博客园,http://www.cnblogs.com/
安卓开发,android,http://developer.android.com/reference/android/opengl/GLSurfaceView.html
安卓开发,爱问共享,http://ishare.iask.sina.com.cn/
安卓开发,androidSource,http://source.android.com/source/downloading.html
安卓开发,androidSource1,http://blog.csdn.net/yanzi1225627/article/details/9255457
安卓开发,adt-bundle-readme,http://developer.android.com/sdk/installing/bundle.html
安卓开发,ubuntu更改源,http://hi.baidu.com/rayord/item/f3288e75df687c2fd7a89cbe
学习工作,eoe,http://www.eoeandroid.com/
学习工作,spring,http://www.springsource.org/download/community
学习工作,开源中国,http://www.oschina.net/
学习工作,w3cschool在线教程,http://www.w3school.com.cn/
学习工作,公开课,http://open.163.com/ocw/
学习工作,北风,http://www.ibeifeng.com/goods.php?id=282
学习工作,extjs,http://extjs.org.cn/
学习工作,ITPUB技术论坛,http://www.itpub.net/
学习工作,chrome插件,https://developer.chrome.com/extensions/getstarted.html
学习工作,360扩展,http://open.chrome.360.cn/extension_dev/overview.html
学习工作,springside,http://www.springside.org.cn/
学习工作,css-selectors,http://www.w3.org/TR/css3-selectors/
学习工作,console-api,http://getfirebug.com/wiki/index.php/Console_API
学习工作,xpath,http://www.w3schools.com/xpath/
学习工作,w3schools,http://www.w3schools.com/
学习工作,Iteye,http://www.iteye.com/
学习工作,地图api,https://developers.google.com/maps/documentation/staticmaps/?csw=1&hl=zh-CN#MapTypes
学习工作,google-api,https://developers.google.com/maps/documentation/javascript/reference?hl=zh-CN
学习工作,源码,http://www.cnblogs.com/nuysoft/archive/2011/11/14/2248023.html
学习工作,即时网页,http://jsfiddle.net/CxL6W/
学习工作,supermap,http://support.supermap.com.cn:8090/iserver/iClient/forJavaScript/index.html
学习工作,supermap2,http://support.supermap.com.cn:8090/iserver/help/html/index.htm
学习工作,百度地图示例,http://developer.baidu.com/map/library.htm
学习工作,百度map,http://blog.csdn.net/mrzhangpan/article/details/6611432
学习工作,javascript,http://www.cnblogs.com/jenry/category/51530.html
学习工作,jquery validate,http://dev.mjxy.cn/a-Form-validation-using-JQuery.aspx
学习工作,ibm tec,http://www.ibm.com/developerworks/cn/opensource/os-eclipse-plugindev1/
学习工作,s图,http://support.supermap.com.cn/ProductCenter/ResourceCenter/SampleCode.aspx
学习工作,百度云,http://developer.baidu.com/wiki/index.php?title=%E5%B8%AE%E5%8A%A9%E6%96%87%E6%A1%A3%E9%A6%96%E9%A1%B5/%E8%B5%84%E6%BA%90%E4%B8%8B%E8%BD%BD
学习工作,ubuntu镜像,http://ubuntu.dormforce.net/
学习工作,office,http://office.microsoft.com/zh-cn/excel-help/HP010342656.aspx?CTT=1
学习工作,poi操作名称,http://blog.csdn.net/wed840313/article/details/7546134
学习工作,poi-names,http://svn.apache.org/repos/asf/poi/trunk/src/examples/src/org/apache/poi/ss/examples/LoanCalculator.java
学习工作,sqlplus,http://218.206.236.214/monitor/admin/system/sqlplus.action
学习工作,vpn,http://www.freevpnmac.com/macvpn/
未分类,尚学堂科技,http://www.verycd.com/topics/93279/
未分类,北京尚学堂java,http://www.bjsxt.com/shipinxiazai/
未分类,你懂的,http://simplecd.me/
未分类,百度地图api,http://developer.baidu.com/map/
未分类,root,http://jiyouhui.it168.com/thread-258125-1-1.html
未分类,铁路客服中心,http://www.12306.cn/mormhweb/
未分类,小米手机2s32gb,http://p.www.xiaomi.com/open/index.html
未分类,ubuntu,http://pan.baidu.com/share/link?shareid=1020560503&uk=1125362416
未分类,poi操作,http://www.programming-free.com/2012/12/create-charts-in-excel-using-java.html
未分类,wiki,http://zh.wikipedia.org/wiki/Wikipedia:%E9%A6%96%E9%A1%B5
未分类,linux网盘,http://www.freehao123.com/baiduyun-linux-vps/
未分类,面试,http://www.diguage.com/archives/66.html
未分类,电影插件,http://www.baidu.com/link?url=pQGFvDBpvbMctvO6fK17wRK-j1uEYY_LTOSxEt1_9X88Z9YjSD5DG9YiAwx3YEuNZfGAIwq9Ol3f38XQb8B3u0CuEmw3eXvFpSh96nw23fS
未分类,aa,http://ta46.com/
未分类,支付宝原理,http://www.douban.com/note/223773046/
未分类,looklook,http://v.qq.com/cover/8/8rl69xr9conmlt8/i0123m24u17.html?pgv_ref=aio2012&ptlang=2052
未分类,aaa,http://www.141jav.com/
未分类,js,http://blog.fens.me/angularjs-express3-bootstrap3/
